code,term
16448111000001104,Zaditen 0.25mg/ml eye drops (Lexon (UK) Ltd) (AMP)
17479011000001107,Zaditen 0.25mg/ml eye drops (Mawdsley-Brooks & Company Ltd) (AMP)
18618411000001106,Zaditen 0.25mg/ml eye drops (DE Pharmaceuticals) (AMP)
35206111000001105,Ketofall 0.25mg/ml eye drops 0.4ml unit dose (Scope Ophthalmics Ltd) (AMP)
35214911000001103,Ketotifen 250micrograms/ml eye drops 0.4ml unit dose preservative free (VMP)
388511000001106,Zaditen 0.25mg/ml eye drops (Thea Pharmaceuticals Ltd) (AMP)
42192011000001106,Ketotifen 250micrograms/ml eye drops (VMP)
5280311000001108,Zaditen 0.25mg/ml eye drops (Waymade Healthcare Plc) (AMP)
776453005,Ketotifen (VTM)
