patient_id,code
2,G
6,
7,D
10,N
12,E
13,S
14,M
17,B
18,B
20,J
23,M
26,D
29,P
30,R
33,C
36,J
37,J
38,E
41,L
43,G
44,E
47,K
48,N
49,S
51,J
54,A
55,B
56,F
59,F
60,B
61,H
62,M
63,K
64,C
68,G
69,E
73,G
75,F
76,L
79,P
81,K
83,N
85,G
89,M
91,K
95,F
96,L
97,J
100,P
101,F
103,F
107,K
108,M
109,M
110,R
112,F
113,H
114,S
117,B
118,N
123,N
124,B
125,
126,C
127,
130,J
131,S
133,H
134,R
135,M
137,E
138,S
140,R
141,D
146,D
147,P
148,P
149,K
150,H
155,D
157,H
159,P
160,C
161,J
162,G
164,S
165,N
166,S
173,C
176,R
178,E
181,M
184,A
187,P
189,F
193,R
194,S
196,H
199,D
200,R
204,A
205,G
207,D
210,N
211,E
212,L
215,G
217,H
226,K
230,C
231,M
239,E
240,N
241,E
246,H
247,M
248,L
249,S
251,S
253,C
256,C
258,D
260,B
261,D
263,J
267,D
268,
269,S
271,N
272,H
274,A
276,A
277,G
278,J
279,E
281,
283,C
284,L
290,M
293,P
295,P
298,P
304,M
307,
309,G
310,S
315,M
316,L
317,K
318,H
321,F
322,F
323,F
326,M
337,D
341,
342,P
343,P
344,E
348,A
349,E
351,E
354,R
356,M
357,C
358,L
365,F
367,J
370,N
371,
372,M
373,R
374,R
378,G
379,D
381,F
382,N
383,M
388,B
389,R
390,L
391,N
393,D
395,J
396,N
397,F
399,K
402,K
403,D
404,N
405,F
406,P
408,L
409,M
410,K
412,S
415,P
416,F
419,
421,C
422,E
424,H
425,H
427,G
428,E
430,A
431,S
435,P
436,S
441,P
446,B
449,N
450,M
453,A
454,B
455,E
459,K
461,P
463,D
464,N
465,K
470,A
472,C
477,F
479,R
480,J
481,
482,G
483,K
484,B
485,G
486,
488,B
489,J
495,P
499,M
501,F
504,E
505,
507,F
508,P
509,E
510,
511,
512,
513,B
514,D
